{"loss": [1.0040942430496216, 0.991141676902771, 0.977387547492981, 0.9637140035629272, 0.9540643692016602, 0.9499993324279785, 0.9452158808708191, 0.938472330570221, 0.9340131878852844, 0.9309659004211426, 0.9296877980232239, 0.927617609500885, 0.924206554889679, 0.9219785332679749, 0.9200835227966309, 0.9184179902076721, 0.9187164306640625, 0.9184364080429077, 0.915790319442749, 0.9142705202102661], "accuracy": [0.5446255803108215, 0.6370574235916138, 0.6873284578323364, 0.7081997394561768, 0.7409186959266663, 0.751764714717865, 0.7653242349624634, 0.7855157852172852, 0.7981873154640198, 0.8073014616966248, 0.810701847076416, 0.8171693682670593, 0.8251503705978394, 0.8308940529823303, 0.8349445462226868, 0.8392056822776794, 0.8381728529930115, 0.8385935425758362, 0.8459790945053101, 0.8500935435295105], "jaccard_coef": [0.2463741898536682, 0.3296698033809662, 0.3873066008090973, 0.4490768313407898, 0.4901910722255707, 0.5108383297920227, 0.5313836932182312, 0.5735548734664917, 0.5963454842567444, 0.6133764982223511, 0.6170958876609802, 0.629984974861145, 0.6433364748954773, 0.6554161310195923, 0.6617693305015564, 0.6690191626548767, 0.6685015559196472, 0.6674237847328186, 0.6808809638023376, 0.688226044178009], "val_loss": [0.996144711971283, 0.9883965253829956, 0.9705833196640015, 0.9580614566802979, 0.9636808633804321, 0.9672197103500366, 0.9700276255607605, 0.9530965089797974, 0.9513463973999023, 0.9568584561347961, 0.9520718455314636, 0.960750937461853, 0.9462435841560364, 0.9444889426231384, 0.9391967058181763, 0.9361881613731384, 0.9429358839988708, 0.9327795505523682, 0.9314407706260681, 0.9271056652069092], "val_accuracy": [0.5575403571128845, 0.6568213701248169, 0.7000074982643127, 0.7298269271850586, 0.7245559692382812, 0.7053461074829102, 0.7117696404457092, 0.7505902647972107, 0.7547689080238342, 0.7431778311729431, 0.7646263837814331, 0.7491429448127747, 0.772370457649231, 0.7781562209129333, 0.7886000275611877, 0.796416163444519, 0.7759531736373901, 0.8011786341667175, 0.8073726296424866, 0.8169068098068237], "val_jaccard_coef": [0.25169485807418823, 0.32614415884017944, 0.3841682970523834, 0.42130550742149353, 0.4412929117679596, 0.4260804355144501, 0.4820803999900818, 0.5232482552528381, 0.5520284175872803, 0.5484614372253418, 0.576683759689331, 0.559433102607727, 0.5914680361747742, 0.5977636575698853, 0.6125884652137756, 0.6207644939422607, 0.5942184925079346, 0.6277870535850525, 0.635636568069458, 0.646403431892395]}